fecha_num,Hum_missForest,Tem_missForest
44614.743055555555,92,10.89
44614.756944444445,92,11
44614.770833333336,91,10.61
44614.78472222222,91,10.65
44614.79861111111,91,10.72
44614.8125,91,10.61
44614.82638888889,91,10.39
44614.84027777778,91,10.39
44614.854166666664,88.37676406926407,13.159638032852147
44614.868055555555,88.37676406926407,13.159638032852147
44614.881944444445,88.01888888888888,13.159638032852147
44614.895833333336,88.01888888888888,13.242438032852146
44614.90972222222,86.98,13.677608194157637
44614.92361111111,76.34041666666666,15.752827471941647
44614.9375,76.35055555555554,15.831141757655933
44614.95138888889,76.35055555555554,15.831141757655933
44614.96527777778,76.63349170437405,15.963859312947411
44614.979166666664,58,18.5
44614.993055555555,55,19
44615.006944444445,60,18.39
44615.020833333336,76.20349170437406,16.01846175765593
44615.03472222222,76.16349170437405,16.01846175765593
44615.04861111111,71.74532072829133,17.004452131925625
44615.0625,53,20.78
44615.07638888889,52,21.39
44615.09027777778,47,23.11
44615.104166666664,45,23.11
44615.118055555555,45,23.22
44615.131944444445,43,24
44615.145833333336,42,24.5
44615.15972222222,44,23.61
44615.17361111111,42,24.78
44615.1875,40,25.61
44615.20138888889,34,25.39
44615.21527777778,30,25.61
44615.229166666664,33,24.39
44615.243055555555,42,23.11
44615.256944444445,52,20.89
44615.270833333336,54,20.5
44615.28472222222,55,20.11
44615.29861111111,59,19.72
44615.3125,60,19.11
44615.32638888889,62,18.78
44615.34027777778,63,18.39
44615.354166666664,65,18.22
44615.368055555555,67,17.89
44615.381944444445,69,17.39
44615.395833333336,71,16.89
44615.40972222222,72,16.78
44615.42361111111,73,16.39
44615.4375,76,16.22
44615.45138888889,79,15.78
44615.46527777778,80,15.39
44615.479166666664,82,15.11
44615.493055555555,84,14.89
44615.506944444445,84,14.5
44615.520833333336,85,14.11
44615.53472222222,86,14.11
44615.54861111111,86,13.5
44615.5625,87,13.61
44615.57638888889,88,13.28
44615.59027777778,87,13
44615.604166666664,88,12.61
44615.618055555555,88,12.28
44615.631944444445,89,12.11
44615.645833333336,90,12.11
44615.65972222222,91,12
44615.67361111111,92,11.72
44615.6875,93,11.72
44615.70138888889,91,11.89
44615.71527777778,90,11.61
44615.729166666664,91,11.61
44615.743055555555,90,11.39
44615.756944444445,90,11.28
44615.770833333336,90,11.11
44615.78472222222,91,11.28
44615.79861111111,91,11
44615.8125,92,11.11
44615.82638888889,91,11.11
44615.84027777778,90,11.11
44615.854166666664,80.1681111111111,14.894900554316193
44615.868055555555,81.69,14.912126356020515
44615.881944444445,80.59848191450493,15.130650877425042
44615.895833333336,76,14.11
44615.90972222222,77,14.5
44615.92361111111,80.52848191450494,15.194650877425042
44615.9375,80.8023373015873,15.222450877425045
44615.95138888889,80.53,15.315250877425044
44615.96527777778,54,19.28
44615.979166666664,52,21.22
44615.993055555555,53,21
44616.006944444445,55,21
44616.020833333336,59,20.39
44616.03472222222,62,19.72
44616.04861111111,62,19.78
44616.0625,64,19
44616.07638888889,63,19.61
44616.09027777778,62,20.11
44616.104166666664,49,23.89
44616.118055555555,49,23.22
44616.131944444445,46,24.11
44616.145833333336,42,26
44616.15972222222,48,23.39
44616.17361111111,46,24.28
44616.1875,44,24.28
44616.20138888889,52,21.89
44616.21527777778,52,21.22
44616.229166666664,53,21
44616.243055555555,56,20.5
44616.256944444445,58,20.22
44616.270833333336,60,20
44616.28472222222,63,19.61
44616.29861111111,65,19.28
44616.3125,65,19
44616.32638888889,68,18.61
44616.34027777778,70,18.28
44616.354166666664,71,18.11
44616.368055555555,72,17.78
44616.381944444445,73,17.61
44616.395833333336,74,17.5
44616.40972222222,75,17.5
44616.42361111111,77,17.39
44616.4375,78,17.28
44616.45138888889,78,17.11
44616.46527777778,80,16.89
44616.479166666664,80,16.78
44616.493055555555,81,16.72
44616.506944444445,82,16.39
44616.520833333336,82,16.11
44616.53472222222,84,16
44616.54861111111,87,15.72
44616.5625,87,15.72
44616.57638888889,87,15.28
44616.59027777778,88,15.5
44616.604166666664,88,15.61
44616.618055555555,87,15.28
44616.631944444445,89,14.89
44616.645833333336,91,14.89
44616.65972222222,91,14.78
44616.67361111111,91,14.78
44616.6875,91,14.28
44616.70138888889,91,14.28
44616.71527777778,92,14.11
44616.729166666664,92,14.11
44616.743055555555,92,14.11
44616.756944444445,92,14.39
44616.770833333336,92,14.78
44616.78472222222,89,15
44616.79861111111,89,14.39
44616.8125,91,14.28
44616.82638888889,91,14.5
44616.84027777778,91,14.5
44616.854166666664,90,14.72
44616.868055555555,90,14.89
44616.881944444445,89,15.28
44616.895833333336,83,15.78
44616.90972222222,79,16.28
44616.92361111111,77,16.5
44616.9375,84,15.89
44616.95138888889,86,16.11
44616.96527777778,81,16.5
44616.979166666664,82,16.39
44616.993055555555,84,16.5
44617.006944444445,82,16.39
44617.020833333336,87,15.78
44617.03472222222,88,16
44617.04861111111,87,16
44617.0625,88,16.22
44617.07638888889,85,16.28
44617.09027777778,86,16.11
44617.104166666664,86,16
44617.118055555555,88,15.72
44617.131944444445,91,15.39
44617.145833333336,91,15.5
44617.15972222222,90,15.78
44617.17361111111,89,15.89
44617.1875,88,15.89
44617.20138888889,89,15.61
44617.21527777778,89,14.72
44617.229166666664,89.4885,14.680761800046945
44617.243055555555,86,13.61
44617.256944444445,88.09523809523809,14.341230052127482
44617.270833333336,85.78232142857144,14.037945103313234
44617.28472222222,80,12.89
44617.29861111111,80,12.61
44617.3125,82,12.28
44617.32638888889,81,12.28
44617.34027777778,78,12.39
44617.354166666664,78,12.39
44617.368055555555,76,12.39
44617.381944444445,75,12.39
44617.395833333336,74,12.39
44617.40972222222,73,12.39
44617.42361111111,72,12.39
44617.4375,72,12.28
44617.45138888889,72,12.28
44617.46527777778,71,12.22
44617.479166666664,72,12
44617.493055555555,73,12
44617.506944444445,74,11.78
44617.520833333336,73,11.78
44617.53472222222,73,11.72
44617.54861111111,71,11.61
44617.5625,70,11.28
44617.57638888889,70,11.11
44617.59027777778,71,11
44617.604166666664,72,10.89
44617.618055555555,72,10.78
44617.631944444445,72,10.61
44617.645833333336,73,10.5
44617.65972222222,73,10.39
44617.67361111111,74,10.28
44617.6875,74,10.22
44617.70138888889,73,10.11
44617.71527777778,73,10.11
44617.729166666664,73,10
44617.743055555555,72,10
44617.756944444445,91,11.11111111111111
44617.770833333336,92,10.88888888888889
44617.78472222222,92,10.999999999999998
44617.79861111111,91,10.61111111111111
44617.8125,86.08566666666665,13.652908992202127
44617.82638888889,91,10.722222222222221
44617.84027777778,91,10.61111111111111
44617.854166666664,91,10.388888888888891
44617.868055555555,91,10.388888888888891
44617.881944444445,85.90166666666669,13.598854230297366
44617.895833333336,85.89166666666668,13.592032008075146
44617.90972222222,85.87166666666668,13.612076452519588
44617.92361111111,84.55540476190477,13.946916100196095
44617.9375,84.13169823232322,14.306127878219897
44617.95138888889,83.91503156565655,14.503741767108783
44617.96527777778,83.91503156565655,14.503741767108783
44617.979166666664,83.91503156565655,14.503741767108783
44617.993055555555,83.91503156565655,14.503741767108783
44618.006944444445,58,18.5
44618.020833333336,55,19
44618.03472222222,60,18.388888888888886
44618.04861111111,83.91503156565655,14.503741767108783
44618.0625,85.14514285714286,14.359885544640536
44618.07638888889,82.70714858117161,14.90549745149911
44618.09027777778,53,20.777777777777782
44618.104166666664,52,21.38888888888889
44618.118055555555,47,23.111111111111107
44618.131944444445,45,23.111111111111107
44618.145833333336,45,23.22222222222222
44618.15972222222,43,24
44618.17361111111,42,24.499999999999996
44618.1875,44,23.61111111111111
44618.20138888889,42,24.777777777777775
44618.21527777778,40,25.611111111111107
44618.229166666664,34,25.38888888888889
44618.243055555555,30,25.611111111111107
44618.256944444445,33,24.388888888888893
44618.270833333336,42,23.111111111111107
44618.28472222222,52,20.888888888888886
44618.29861111111,54,20.500000000000004
44618.3125,55,20.11111111111111
44618.32638888889,59,19.72222222222222
44618.34027777778,60,19.111111111111114
44618.354166666664,62,18.77777777777778
44618.368055555555,63,18.388888888888886
44618.381944444445,65,18.22222222222222
44618.395833333336,67,17.88888888888889
44618.40972222222,69,17.38888888888889
44618.42361111111,71,16.88888888888889
44618.4375,72,16.77777777777778
44618.45138888889,73,16.38888888888889
44618.46527777778,76,16.22222222222222
44618.479166666664,79,15.777777777777779
44618.493055555555,80,15.38888888888889
44618.506944444445,82,15.11111111111111
44618.520833333336,84,14.88888888888889
44618.53472222222,84,14.5
44618.54861111111,85,14.11111111111111
44618.5625,86,14.11111111111111
44618.57638888889,86,13.499999999999998
44618.59027777778,87,13.61111111111111
44618.604166666664,88,13.277777777777779
44618.618055555555,87,13
44618.631944444445,88,12.611111111111112
44618.645833333336,88,12.277777777777779
44618.65972222222,89,12.111111111111109
44618.67361111111,90,12.111111111111109
44618.6875,91,12
44618.70138888889,92,11.722222222222221
44618.71527777778,93,11.722222222222221
44618.729166666664,91,11.88888888888889
44618.743055555555,90,11.61111111111111
44618.756944444445,91,11.61111111111111
44618.770833333336,90,11.38888888888889
44618.78472222222,90,11.277777777777777
44618.79861111111,90,11.11111111111111
44618.8125,91,11.277777777777777
44618.82638888889,91,10.999999999999998
44618.84027777778,92,11.11111111111111
44618.854166666664,91,11.11111111111111
44618.868055555555,90,11.11111111111111
44618.881944444445,83.22714560439559,14.630645105820106
44618.895833333336,84.3825,14.53200473007175
44618.90972222222,83.11714560439559,14.649533994708996
44618.92361111111,76,14.11111111111111
44618.9375,77,14.5
44618.95138888889,82.2171485811716,14.942761461840625
44618.96527777778,82.2171485811716,14.942761461840625
44618.979166666664,81.9971485811716,14.947761461840626
44618.993055555555,54,19.27777777777778
44619.006944444445,52,21.22222222222222
44619.020833333336,53,21
44619.03472222222,55,21
44619.04861111111,59,20.38888888888889
44619.0625,62,19.72222222222222
44619.07638888889,62,19.777777777777775
44619.09027777778,64,19
44619.104166666664,63,19.61111111111111
44619.118055555555,62,20.11111111111111
44619.131944444445,49,23.88888888888889
44619.145833333336,49,23.22222222222222
44619.15972222222,46,24.111111111111114
44619.17361111111,42,26
44619.1875,48,23.388888888888886
44619.20138888889,46,24.27777777777778
44619.21527777778,44,24.27777777777778
44619.229166666664,52,21.888888888888893
44619.243055555555,52,21.22222222222222
44619.256944444445,53,21
44619.270833333336,56,20.500000000000004
44619.28472222222,58,20.222222222222225
44619.29861111111,60,20
44619.3125,63,19.61111111111111
44619.32638888889,65,19.27777777777778
44619.34027777778,65,19
44619.354166666664,68,18.61111111111111
44619.368055555555,70,18.277777777777782
44619.381944444445,71,18.111111111111107
44619.395833333336,72,17.77777777777778
44619.40972222222,73,17.61111111111111
44619.42361111111,74,17.5
44619.4375,75,17.5
44619.45138888889,77,17.38888888888889
44619.46527777778,78,17.27777777777778
44619.479166666664,78,17.11111111111111
44619.493055555555,80,16.88888888888889
44619.506944444445,80,16.77777777777778
44619.520833333336,81,16.72222222222222
44619.53472222222,82,16.38888888888889
44619.54861111111,82,16.11111111111111
44619.5625,84,16
44619.57638888889,87,15.722222222222221
44619.59027777778,87,15.722222222222221
44619.604166666664,87,15.277777777777779
44619.618055555555,88,15.277777777777779
44619.631944444445,88,15.61111111111111
44619.645833333336,87,15.277777777777779
44619.65972222222,89,14.88888888888889
44619.67361111111,91,14.88888888888889
44619.6875,91,14.777777777777779
44619.70138888889,91,14.777777777777779
44619.71527777778,91,14.277777777777779
44619.729166666664,91,14.277777777777779
44619.743055555555,92,14.11111111111111
44619.756944444445,92,14.11111111111111
44619.770833333336,92,14.11111111111111
44619.78472222222,92,14.38888888888889
44619.79861111111,92,14.777777777777779
44619.8125,89,15
44619.82638888889,89,14.38888888888889
44619.84027777778,91,14.277777777777779
44619.854166666664,91,14.5
44619.868055555555,91,14.5
44619.881944444445,90,14.722222222222221
44619.895833333336,90,14.88888888888889
44619.90972222222,89,15.277777777777779
44619.92361111111,83,15.777777777777779
44619.9375,79,16.27777777777778
44619.95138888889,77,16.5
44619.96527777778,84,15.88888888888889
44619.979166666664,86,16.11111111111111
44619.993055555555,81,16.5
44620.006944444445,82,16.38888888888889
44620.020833333336,84,16.5
44620.03472222222,82,16.38888888888889
44620.04861111111,87,15.777777777777779
44620.0625,88,16
44620.07638888889,87,16
44620.09027777778,88,16.22222222222222
44620.104166666664,85,16.27777777777778
44620.118055555555,86,16.11111111111111
44620.131944444445,86,16
44620.145833333336,88,15.722222222222221
44620.15972222222,91,15.38888888888889
44620.17361111111,91,15.5
44620.1875,90,15.777777777777779
44620.20138888889,89,15.88888888888889
44620.21527777778,88,15.88888888888889
44620.229166666664,89,15.61111111111111
44620.243055555555,89,14.722222222222221
44620.256944444445,87.9670568181818,14.880541570131884
44620.270833333336,86,13.61111111111111
44620.28472222222,85.41070093795096,14.215156258926259
44620.29861111111,83.40202380952381,13.550096604938274
44620.3125,80,12.888888888888891
44620.32638888889,80,12.611111111111112
44620.34027777778,82,12.277777777777779
44620.354166666664,81,12.277777777777779
44620.368055555555,78,12.388888888888888
44620.381944444445,78,12.388888888888888
44620.395833333336,76,12.388888888888888
44620.40972222222,75,12.388888888888888
44620.42361111111,74,12.388888888888888
44620.4375,73,12.388888888888888
44620.45138888889,72,12.388888888888888
44620.46527777778,72,12.277777777777779
44620.479166666664,72,12.277777777777779
44620.493055555555,71,12.222222222222221
44620.506944444445,72,12
44620.520833333336,73,12
44620.53472222222,74,11.777777777777779
44620.54861111111,73,11.777777777777779
44620.5625,73,11.722222222222221
44620.57638888889,71,11.61111111111111
44620.59027777778,70,11.277777777777777
44620.604166666664,70,11.11111111111111
44620.618055555555,71,10.999999999999998
44620.631944444445,72,10.88888888888889
44620.645833333336,72,10.777777777777779
44620.65972222222,72,10.61111111111111
44620.67361111111,73,10.5
44620.6875,73,10.388888888888891
44620.70138888889,74,10.277777777777779
44620.71527777778,74,10.222222222222221
44620.729166666664,73,10.111111111111112
44620.743055555555,73,10.111111111111112
44620.756944444445,73,10
44620.770833333336,72,10
44620.78472222222,92,9.5
44620.79861111111,91,9.277777777777779
44620.8125,91,9.277777777777779
44620.82638888889,81.23184920634918,13.198526212522047
44620.84027777778,90,10
44620.854166666664,83,12.611111111111112
44620.868055555555,72,13.222222222222221
44620.881944444445,73,13.777777777777777
44620.895833333336,63,15
44620.90972222222,79.90050000000001,14.011402328891517
44620.92361111111,56,16.5
44620.9375,56,17.38888888888889
44620.95138888889,48,19.27777777777778
44620.96527777778,52,18.88888888888889
44620.979166666664,46,21.27777777777778
44620.993055555555,44,21.27777777777778
44621.006944444445,45,21.22222222222222
44621.020833333336,47,21.22222222222222
44621.03472222222,45,21.999999999999996
44621.04861111111,49,21.38888888888889
44621.0625,45,22.61111111111111
44621.07638888889,45,22.88888888888889
44621.09027777778,41,24.777777777777775
44621.104166666664,38,25.611111111111107
44621.118055555555,40,24.88888888888889
44621.131944444445,38,25.72222222222222
44621.145833333336,38,25.777777777777782
44621.15972222222,38,25.222222222222225
44621.17361111111,39,25.222222222222225
44621.1875,36,25.222222222222225
44621.20138888889,41,24.111111111111114
44621.21527777778,42,23.72222222222222
44621.229166666664,47,21.722222222222218
44621.243055555555,80.28066666666666,15.111809736298932
44621.256944444445,52,20.72222222222222
44621.270833333336,54,20.11111111111111
44621.28472222222,58,19.27777777777778
44621.29861111111,62,18.88888888888889
44621.3125,63,18.5
44621.32638888889,64,18.111111111111107
44621.34027777778,66,17.5
44621.354166666664,67,17.5
44621.368055555555,68,17.27777777777778
44621.381944444445,69,17
44621.395833333336,72,16.38888888888889
44621.40972222222,78,15.88888888888889
44621.42361111111,80,15.38888888888889
44621.4375,81,15.222222222222221
44621.45138888889,81,15
44621.46527777778,83,14.777777777777779
44621.479166666664,83,14.11111111111111
44621.493055555555,84,14.11111111111111
44621.506944444445,85,13.88888888888889
44621.520833333336,86,13.88888888888889
44621.53472222222,86,13.61111111111111
44621.54861111111,86,13.38888888888889
44621.5625,88,12.888888888888891
44621.57638888889,87,12.611111111111112
44621.59027777778,88,12.388888888888888
44621.604166666664,88,12.277777777777779
44621.618055555555,88,12.277777777777779
44621.631944444445,88,12.111111111111109
44621.645833333336,89,11.777777777777779
44621.65972222222,90,11.38888888888889
44621.67361111111,90,11.277777777777777
44621.6875,91,10.999999999999998
44621.70138888889,91,11.11111111111111
44621.71527777778,92,10.88888888888889
44621.729166666664,92,10.999999999999998
44621.743055555555,91,10.61111111111111
44621.756944444445,85.61407269484904,13.722676123373432
44621.770833333336,91,10.722222222222221
44621.78472222222,91,10.61111111111111
44621.79861111111,91,10.388888888888891
44621.8125,91,10.388888888888891
44621.82638888889,85.61407269484904,13.722676123373432
44621.84027777778,85.61407269484904,13.722676123373432
44621.854166666664,85.61407269484904,13.722676123373432
44621.868055555555,85.61407269484904,13.722676123373432
44621.881944444445,85.61407269484904,13.722676123373432
44621.895833333336,84.92804151325713,14.02761863907698
44621.90972222222,84.92804151325713,14.02761863907698
44621.92361111111,84.92804151325713,14.02761863907698
44621.9375,84.92804151325713,14.02761863907698
44621.95138888889,58,18.5
44621.96527777778,55,19
44621.979166666664,60,18.388888888888886
44621.993055555555,80.2701485811716,14.962354551113751
44622.006944444445,81.68017063492063,14.943455205979893
44622.020833333336,81.68,15.006232983757668
44622.03472222222,53,20.777777777777782
44622.04861111111,52,21.38888888888889
44622.0625,47,23.111111111111107
44622.07638888889,45,23.111111111111107
44622.09027777778,45,23.22222222222222
44622.104166666664,43,24
44622.118055555555,42,24.499999999999996
44622.131944444445,44,23.61111111111111
44622.145833333336,42,24.777777777777775
44622.15972222222,40,25.611111111111107
44622.17361111111,34,25.38888888888889
44622.1875,30,25.611111111111107
44622.20138888889,33,24.388888888888893
44622.21527777778,42,23.111111111111107
44622.229166666664,52,20.888888888888886
44622.243055555555,54,20.500000000000004
44622.256944444445,55,20.11111111111111
44622.270833333336,59,19.72222222222222
44622.28472222222,60,19.111111111111114
44622.29861111111,62,18.77777777777778
44622.3125,63,18.388888888888886
44622.32638888889,65,18.22222222222222
44622.34027777778,67,17.88888888888889
44622.354166666664,69,17.38888888888889
44622.368055555555,71,16.88888888888889
44622.381944444445,72,16.77777777777778
44622.395833333336,73,16.38888888888889
44622.40972222222,76,16.22222222222222
44622.42361111111,79,15.777777777777779
44622.4375,80,15.38888888888889
44622.45138888889,82,15.11111111111111
44622.46527777778,84,14.88888888888889
44622.479166666664,84,14.5
44622.493055555555,85,14.11111111111111
44622.506944444445,86,14.11111111111111
44622.520833333336,86,13.499999999999998
44622.53472222222,87,13.61111111111111
44622.54861111111,88,13.277777777777779
44622.5625,87,13
44622.57638888889,88,12.611111111111112
44622.59027777778,88,12.277777777777779
44622.604166666664,89,12.111111111111109
44622.618055555555,90,12.111111111111109
44622.631944444445,91,12
44622.645833333336,92,11.722222222222221
44622.65972222222,93,11.722222222222221
44622.67361111111,91,11.88888888888889
44622.6875,90,11.61111111111111
44622.70138888889,91,11.61111111111111
44622.71527777778,90,11.38888888888889
44622.729166666664,90,11.277777777777777
44622.743055555555,90,11.11111111111111
44622.756944444445,91,11.277777777777777
44622.770833333336,91,10.999999999999998
44622.78472222222,92,11.11111111111111
44622.79861111111,91,11.11111111111111
44622.8125,90,11.11111111111111
44622.82638888889,83.4921807081807,14.532951631393296
44622.84027777778,83.3821807081807,14.532951631393296
44622.854166666664,81.05996604148906,14.983453461199288
44622.868055555555,76,14.11111111111111
44622.881944444445,77,14.5
44622.895833333336,81.03996604148907,14.987342350088177
44622.90972222222,81.03996604148907,14.987342350088177
44622.92361111111,81.48017063492063,14.987342350088177
44622.9375,54,19.27777777777778
44622.95138888889,52,21.22222222222222
44622.96527777778,53,21
44622.979166666664,55,21
44622.993055555555,59,20.38888888888889
44623.006944444445,62,19.72222222222222
44623.020833333336,62,19.777777777777775
44623.03472222222,64,19
44623.04861111111,63,19.61111111111111
44623.0625,62,20.11111111111111
44623.07638888889,49,23.88888888888889
44623.09027777778,49,23.22222222222222
44623.104166666664,46,24.111111111111114
44623.118055555555,42,26
44623.131944444445,48,23.388888888888886
44623.145833333336,46,24.27777777777778
44623.15972222222,44,24.27777777777778
44623.17361111111,52,21.888888888888893
44623.1875,52,21.22222222222222
44623.20138888889,53,21
44623.21527777778,56,20.500000000000004
44623.229166666664,58,20.222222222222225
44623.243055555555,60,20
44623.256944444445,63,19.61111111111111
44623.270833333336,65,19.27777777777778
44623.28472222222,65,19
44623.29861111111,68,18.61111111111111
44623.3125,70,18.277777777777782
44623.32638888889,71,18.111111111111107
44623.34027777778,72,17.77777777777778
44623.354166666664,73,17.61111111111111
44623.368055555555,74,17.5
44623.381944444445,75,17.5
44623.395833333336,77,17.38888888888889
44623.40972222222,78,17.27777777777778
44623.42361111111,78,17.11111111111111
44623.4375,80,16.88888888888889
44623.45138888889,80,16.77777777777778
44623.46527777778,81,16.72222222222222
44623.479166666664,82,16.38888888888889
44623.493055555555,82,16.11111111111111
44623.506944444445,84,16
44623.520833333336,87,15.722222222222221
44623.53472222222,87,15.722222222222221
44623.54861111111,87,15.277777777777779
44623.5625,88,15.5
44623.57638888889,88,15.61111111111111
44623.59027777778,87,15.277777777777779
44623.604166666664,89,14.88888888888889
44623.618055555555,91,14.88888888888889
44623.631944444445,91,14.777777777777779
44623.645833333336,91,14.777777777777779
44623.65972222222,91,14.277777777777779
44623.67361111111,91,14.277777777777779
44623.6875,92,14.11111111111111
44623.70138888889,92,14.11111111111111
44623.71527777778,92,14.11111111111111
44623.729166666664,92,14.38888888888889
44623.743055555555,92,14.777777777777779
44623.756944444445,89,15
44623.770833333336,89,14.38888888888889
44623.78472222222,91,14.277777777777779
44623.79861111111,91,14.5
44623.8125,91,14.5
44623.82638888889,90,14.722222222222221
44623.84027777778,90,14.88888888888889
44623.854166666664,89,15.277777777777779
44623.868055555555,83,15.777777777777779
44623.881944444445,79,16.27777777777778
44623.895833333336,77,16.5
44623.90972222222,84,15.88888888888889
44623.92361111111,86,16.11111111111111
44623.9375,81,16.5
44623.95138888889,82,16.38888888888889
44623.96527777778,84,16.5
44623.979166666664,82,16.38888888888889
44623.993055555555,87,15.777777777777779
44624.006944444445,88,16
44624.020833333336,87,16
44624.03472222222,88,16.22222222222222
44624.04861111111,85,16.27777777777778
44624.0625,86,16.11111111111111
44624.07638888889,86,16
44624.09027777778,88,15.722222222222221
44624.104166666664,91,15.38888888888889
44624.118055555555,91,15.5
44624.131944444445,90,15.777777777777779
44624.145833333336,89,15.88888888888889
44624.15972222222,88,15.88888888888889
44624.17361111111,89,15.61111111111111
44624.1875,89,14.722222222222221
44624.20138888889,88.91861904761905,14.665108688200865
44624.21527777778,86,13.61111111111111
44624.229166666664,88.39980542986424,14.355689324792412
44624.243055555555,85.7977142857143,13.756783535643985
44624.256944444445,80,12.888888888888891
44624.270833333336,80,12.611111111111112
44624.28472222222,82,12.277777777777779
44624.29861111111,81,12.277777777777779
44624.3125,78,12.388888888888888
44624.32638888889,78,12.388888888888888
44624.34027777778,76,12.388888888888888
44624.354166666664,75,12.388888888888888
44624.368055555555,74,12.388888888888888
44624.381944444445,73,12.388888888888888
44624.395833333336,72,12.388888888888888
44624.40972222222,72,12.277777777777779
44624.42361111111,72,12.277777777777779
44624.4375,71,12.222222222222221
44624.45138888889,72,12
44624.46527777778,73,12
44624.479166666664,74,11.777777777777779
44624.493055555555,73,11.777777777777779
44624.506944444445,73,11.722222222222221
44624.520833333336,71,11.61111111111111
44624.53472222222,70,11.277777777777777
44624.54861111111,70,11.11111111111111
44624.5625,71,10.999999999999998
44624.57638888889,72,10.88888888888889
44624.59027777778,72,10.777777777777779
44624.604166666664,72,10.61111111111111
44624.618055555555,73,10.5
44624.631944444445,73,10.388888888888891
44624.645833333336,74,10.277777777777779
44624.65972222222,74,10.222222222222221
44624.67361111111,73,10.111111111111112
44624.6875,73,10.111111111111112
44624.70138888889,73,10
44624.71527777778,72,10
44624.729166666664,91,10.61111111111111
44624.743055555555,85.78277777777777,13.27656131342177
44624.756944444445,91,10.722222222222221
44624.770833333336,91,10.61111111111111
44624.78472222222,91,10.388888888888891
44624.79861111111,91,10.388888888888891
44624.8125,84.8068686868687,13.297078396911735
44624.82638888889,84.6668686868687,13.297078396911735
44624.84027777778,84.6068686868687,13.319393211726549
44624.854166666664,83.3068686868687,13.342720533509716
44624.868055555555,84.47194444444445,13.730041160521978
44624.881944444445,84.33383333333332,14.27522634570716
44624.895833333336,82.27625689588189,14.33702972097108
44624.90972222222,82.00625689588189,14.361844535785895
44624.92361111111,82.00625689588189,14.361844535785895
44624.9375,58,18.5
44624.95138888889,55,19
44624.96527777778,60,18.388888888888886
44624.979166666664,82.00625689588189,14.360733424674784
44624.993055555555,82.00625689588189,14.360733424674784
44625.006944444445,81.97625689588189,14.440844535785896
44625.020833333336,53,20.777777777777782
44625.03472222222,52,21.38888888888889
44625.04861111111,47,23.111111111111107
44625.0625,45,23.111111111111107
44625.07638888889,45,23.22222222222222
44625.09027777778,43,24
44625.104166666664,42,24.499999999999996
44625.118055555555,44,23.61111111111111
44625.131944444445,42,24.777777777777775
44625.145833333336,40,25.611111111111107
44625.15972222222,34,25.38888888888889
44625.17361111111,30,25.611111111111107
44625.1875,33,24.388888888888893
44625.20138888889,42,23.111111111111107
44625.21527777778,52,20.888888888888886
44625.229166666664,54,20.500000000000004
44625.243055555555,55,20.11111111111111
44625.256944444445,59,19.72222222222222
44625.270833333336,60,19.111111111111114
44625.28472222222,62,18.77777777777778
44625.29861111111,63,18.388888888888886
44625.3125,65,18.22222222222222
44625.32638888889,67,17.88888888888889
44625.34027777778,69,17.38888888888889
44625.354166666664,71,16.88888888888889
44625.368055555555,72,16.77777777777778
44625.381944444445,73,16.38888888888889
44625.395833333336,76,16.22222222222222
44625.40972222222,79,15.777777777777779
44625.42361111111,80,15.38888888888889
44625.4375,82,15.11111111111111
44625.45138888889,84,14.88888888888889
44625.46527777778,84,14.5
44625.479166666664,85,14.11111111111111
44625.493055555555,86,14.11111111111111
44625.506944444445,86,13.499999999999998
44625.520833333336,87,13.61111111111111
44625.53472222222,88,13.277777777777779
44625.54861111111,87,13
44625.5625,88,12.611111111111112
44625.57638888889,88,12.277777777777779
44625.59027777778,89,12.111111111111109
44625.604166666664,90,12.111111111111109
44625.618055555555,91,12
44625.631944444445,92,11.722222222222221
44625.645833333336,93,11.722222222222221
44625.65972222222,91,11.88888888888889
44625.67361111111,90,11.61111111111111
44625.6875,91,11.61111111111111
44625.70138888889,90,11.38888888888889
44625.71527777778,90,11.277777777777777
44625.729166666664,90,11.11111111111111
44625.743055555555,91,11.277777777777777
44625.756944444445,91,10.999999999999998
44625.770833333336,92,11.11111111111111
44625.78472222222,91,11.11111111111111
44625.79861111111,90,11.11111111111111
44625.8125,82.3661387631976,14.519455646896999
44625.82638888889,82.42133333333331,14.547788980230335
44625.84027777778,79.95209022921522,14.64303927655805
44625.854166666664,76,14.11111111111111
44625.868055555555,77,14.5
44625.881944444445,79.75209022921521,14.698039276558053
44625.895833333336,80.73507142857142,14.974526750641333
44625.90972222222,80.02199999999999,14.860817054335831
44625.92361111111,54,19.27777777777778
44625.9375,52,21.22222222222222
44625.95138888889,53,21
44625.96527777778,55,21
44625.979166666664,59,20.38888888888889
44625.993055555555,62,19.72222222222222
44626.006944444445,62,19.777777777777775
44626.020833333336,64,19
44626.03472222222,63,19.61111111111111
44626.04861111111,62,20.11111111111111
44626.0625,49,23.88888888888889
44626.07638888889,49,23.22222222222222
44626.09027777778,46,24.111111111111114
44626.104166666664,42,26
44626.118055555555,48,23.388888888888886
44626.131944444445,46,24.27777777777778
44626.145833333336,44,24.27777777777778
44626.15972222222,52,21.888888888888893
44626.17361111111,52,21.22222222222222
44626.1875,53,21
44626.20138888889,56,20.500000000000004
44626.21527777778,58,20.222222222222225
44626.229166666664,60,20
44626.243055555555,63,19.61111111111111
44626.256944444445,65,19.27777777777778
44626.270833333336,65,19
44626.28472222222,68,18.61111111111111
44626.29861111111,70,18.277777777777782
44626.3125,71,18.111111111111107
44626.32638888889,72,17.77777777777778
44626.34027777778,73,17.61111111111111
44626.354166666664,74,17.5
44626.368055555555,75,17.5
44626.381944444445,77,17.38888888888889
44626.395833333336,78,17.27777777777778
44626.40972222222,78,17.11111111111111
44626.42361111111,80,16.88888888888889
44626.4375,80,16.77777777777778
44626.45138888889,81,16.72222222222222
44626.46527777778,82,16.38888888888889
44626.479166666664,82,16.11111111111111
44626.493055555555,84,16
44626.506944444445,87,15.722222222222221
44626.520833333336,87,15.722222222222221
44626.53472222222,87,15.277777777777779
44626.54861111111,88,15.5
44626.5625,88,15.61111111111111
44626.57638888889,87,15.277777777777779
44626.59027777778,89,14.88888888888889
44626.604166666664,91,14.88888888888889
44626.618055555555,91,14.777777777777779
44626.631944444445,91,14.777777777777779
44626.645833333336,91,14.277777777777779
44626.65972222222,91,14.277777777777779
44626.67361111111,92,14.11111111111111
44626.6875,92,14.11111111111111
44626.70138888889,92,14.11111111111111
44626.71527777778,92,14.38888888888889
44626.729166666664,92,14.777777777777779
44626.743055555555,89,15
44626.756944444445,89,14.38888888888889
44626.770833333336,91,14.277777777777779
44626.78472222222,91,14.5
44626.79861111111,91,14.5
44626.8125,90,14.722222222222221
44626.82638888889,90,14.88888888888889
44626.84027777778,89,15.277777777777779
44626.854166666664,83,15.777777777777779
44626.868055555555,79,16.27777777777778
44626.881944444445,77,16.5
44626.895833333336,84,15.88888888888889
44626.90972222222,86,16.11111111111111
44626.92361111111,81,16.5
44626.9375,82,16.38888888888889
44626.95138888889,84,16.5
44626.96527777778,82,16.38888888888889
44626.979166666664,87,15.777777777777779
44626.993055555555,88,16
44627.006944444445,87,16
44627.020833333336,88,16.22222222222222
44627.03472222222,85,16.27777777777778
44627.04861111111,86,16.11111111111111
44627.0625,86,16
44627.07638888889,88,15.722222222222221
44627.09027777778,91,15.38888888888889
44627.104166666664,91,15.5
44627.118055555555,90,15.777777777777779
44627.131944444445,89,15.88888888888889
44627.145833333336,88,15.88888888888889
44627.15972222222,89,15.61111111111111
44627.17361111111,89,14.722222222222221
44627.1875,90.30491666666667,14.757666163386455
44627.20138888889,86,13.61111111111111
44627.21527777778,89.86464285714287,14.409305268725559
44627.229166666664,89.18799999999999,14.362883279421348
44627.243055555555,80,12.888888888888891
44627.256944444445,80,12.611111111111112
44627.270833333336,82,12.277777777777779
44627.28472222222,81,12.277777777777779
44627.29861111111,78,12.388888888888888
44627.3125,78,12.388888888888888
44627.32638888889,76,12.388888888888888
44627.34027777778,75,12.388888888888888
44627.354166666664,74,12.388888888888888
44627.368055555555,73,12.388888888888888
44627.381944444445,72,12.388888888888888
44627.395833333336,72,12.277777777777779
44627.40972222222,72,12.277777777777779
44627.42361111111,71,12.222222222222221
44627.4375,72,12
44627.45138888889,73,12
44627.46527777778,74,11.777777777777779
44627.479166666664,73,11.777777777777779
44627.493055555555,73,11.722222222222221
44627.506944444445,71,11.61111111111111
44627.520833333336,70,11.277777777777777
44627.53472222222,70,11.11111111111111
44627.54861111111,71,10.999999999999998
44627.5625,72,10.88888888888889
44627.57638888889,72,10.777777777777779
44627.59027777778,72,10.61111111111111
44627.604166666664,73,10.5
44627.618055555555,73,10.388888888888891
44627.631944444445,74,10.277777777777779
44627.645833333336,74,10.222222222222221
44627.65972222222,73,10.111111111111112
44627.67361111111,73,10.111111111111112
44627.6875,73,10
44627.70138888889,72,10
44627.71527777778,91,14.277777777777779
44627.729166666664,91,14.277777777777779
44627.743055555555,92,14.11111111111111
44627.756944444445,92,14.11111111111111
44627.770833333336,92,14.11111111111111
44627.78472222222,92,14.38888888888889
44627.79861111111,92,14.777777777777779
44627.8125,89,15
44627.82638888889,89,14.38888888888889
44627.84027777778,91,14.277777777777779
44627.854166666664,91,14.5
44627.868055555555,91,14.5
44627.881944444445,90,14.722222222222221
44627.895833333336,90,14.88888888888889
44627.90972222222,89,15.277777777777779
44627.92361111111,83,15.777777777777779
44627.9375,79,16.27777777777778
44627.95138888889,77,16.5
44627.96527777778,84,15.88888888888889
44627.979166666664,86,16.11111111111111
44627.993055555555,81,16.5
44628.006944444445,82,16.38888888888889
44628.020833333336,84,16.5
44628.03472222222,82,16.38888888888889
44628.04861111111,87,15.777777777777779
44628.0625,88,16
44628.07638888889,87,16
44628.09027777778,88,16.22222222222222
44628.104166666664,85,16.27777777777778
44628.118055555555,86,16.11111111111111
44628.131944444445,86,16
44628.145833333336,88,15.722222222222221
44628.15972222222,91,15.38888888888889
44628.17361111111,91,15.5
44628.1875,90,15.777777777777779
44628.20138888889,89,15.88888888888889
44628.21527777778,88,15.88888888888889
44628.229166666664,89,15.61111111111111
44628.243055555555,89,14.722222222222221
44628.256944444445,89.41044261294263,14.802416164622564
44628.270833333336,86,13.61111111111111
44628.28472222222,88.26964285714286,14.54245000247078
44628.29861111111,88.20233010410642,14.344040416414137
44628.3125,80,12.888888888888891
44628.32638888889,80,12.611111111111112
44628.34027777778,82,12.277777777777779
44628.354166666664,81,12.277777777777779
44628.368055555555,78,12.388888888888888
44628.381944444445,78,12.388888888888888
44628.395833333336,76,12.388888888888888
44628.40972222222,75,12.388888888888888
44628.42361111111,74,12.388888888888888
44628.4375,73,12.388888888888888
44628.45138888889,72,12.388888888888888
44628.46527777778,72,12.277777777777779
44628.479166666664,72,12.277777777777779
44628.493055555555,71,12.222222222222221
44628.506944444445,72,12
44628.520833333336,73,12
44628.53472222222,74,11.777777777777779
44628.54861111111,73,11.777777777777779
44628.5625,73,11.722222222222221
44628.57638888889,71,11.61111111111111
44628.59027777778,70,11.277777777777777
44628.604166666664,70,11.11111111111111
44628.618055555555,71,10.999999999999998
44628.631944444445,72,10.88888888888889
44628.645833333336,72,10.777777777777779
44628.65972222222,72,10.61111111111111
44628.67361111111,73,10.5
44628.6875,73,10.388888888888891
44628.70138888889,74,10.277777777777779
44628.71527777778,74,10.222222222222221
44628.729166666664,73,10.111111111111112
44628.743055555555,73,10.111111111111112
44628.756944444445,45,8.61
44628.770833333336,78.93265811965811,14.07294007003798
44628.78472222222,78.93265811965811,14.07294007003798
44628.79861111111,81.52850000000001,14.20504839325998
44628.8125,80.35958333333333,13.472236092281312
44628.82638888889,81.24375,14.057916539001132
44628.84027777778,81.74375,14.4249706154822
44628.854166666664,81.74375,14.4249706154822
44628.868055555555,45,8.61
44628.881944444445,79,14.28
44628.895833333336,82,14.22
44628.90972222222,84,14.11
44628.92361111111,87,13.78
44628.9375,90,13.72
44628.95138888889,91,13.39
44628.96527777778,93,13.22
44628.979166666664,96,13.22
44628.993055555555,98,13.11
44629.006944444445,97,12.89
44629.020833333336,99,13.11
44629.03472222222,99,13.11
44629.04861111111,99,13.11
44629.0625,99,13.11
44629.07638888889,99,13.28
44629.09027777778,99,13.22
44629.104166666664,99,13.28
44629.118055555555,99,13.61
44629.131944444445,98,13.72
44629.145833333336,96,14
44629.15972222222,95,14.22
44629.17361111111,95,14.5
44629.1875,93,14.78
44629.20138888889,90,15.39
44629.21527777778,86,16
44629.229166666664,84,16.22
44629.243055555555,82,16.72
44629.256944444445,79,17.39
44629.270833333336,78,17.5
44629.28472222222,79,17.39
44629.29861111111,87,16.22
44629.3125,90,16.11
44629.32638888889,88,16.22
44629.34027777778,87,16.22
44629.354166666664,67,18.39
44629.368055555555,51,20.61
44629.381944444445,87.57997619047617,15.78242438864562
44629.395833333336,60,19.39
44629.40972222222,70,17.72
44629.42361111111,78,17
44629.4375,76,17.28
44629.45138888889,88.03409979296066,15.780324388645617
44629.46527777778,61,19.28
44629.479166666664,61,19.61
44629.493055555555,62,19.28
44629.506944444445,67,18.89
44629.520833333336,64,19.11
44629.53472222222,65,19
44629.54861111111,65,19
44629.5625,66,18.89
44629.57638888889,64,18.89
44629.59027777778,68,18.61
44629.604166666664,83,17.11
44629.618055555555,89,16
44629.631944444445,87.58497619047617,15.411904419509806
44629.645833333336,94,14.89
44629.65972222222,95,14.89
44629.67361111111,92,14.78
44629.6875,89,15
44629.70138888889,88,15.11
44629.71527777778,88,15.11
44629.729166666664,88,15.11
44629.743055555555,88,15
44629.756944444445,87,15
44629.770833333336,86,15
44629.78472222222,85,15.11
44629.79861111111,85,15
44629.8125,89,14.22
44629.82638888889,91,14.22
44629.84027777778,91,14.11
44629.854166666664,89,13.89
44629.868055555555,89,13.78
44629.881944444445,89,13.72
44629.895833333336,90,13.89
44629.90972222222,89,14.11
44629.92361111111,88,14.5
44629.9375,88,14.61
44629.95138888889,87,14.61
44629.96527777778,87,14.89
44629.979166666664,85,15.22
44629.993055555555,86.49534404484405,15.225211880452695
44630.006944444445,88,15.11
44630.020833333336,87.66240141167444,14.9255223093324
44630.03472222222,89.02809523809523,14.346828861703694
44630.04861111111,89.28809523809522,14.344628861703693
44630.0625,88.495,14.960465166475258
44630.07638888889,94,15
44630.09027777778,85.80218253968255,15.570061920135233
44630.104166666664,86.40764069264068,15.715456324897136
44630.118055555555,86.29866666666666,15.783856324897135
44630.131944444445,86.27065217391304,15.831081324897134
44630.145833333336,87,17
44630.15972222222,74,18.72
44630.17361111111,65,19.78
44630.1875,72,18.11
44630.20138888889,86.01866666666666,15.859981324897134
44630.21527777778,86.22065217391304,15.886452753468564
44630.229166666664,85.7376406926407,15.761683586801896
44630.243055555555,66,18.61
44630.256944444445,67,18.78
44630.270833333336,63,18.5
44630.28472222222,62,18.5
44630.29861111111,63,18.78
44630.3125,64,18.28
44630.32638888889,66,18.11
44630.34027777778,65,18.11
44630.354166666664,68,17.89
44630.368055555555,71,17.61
44630.381944444445,74,17.28
44630.395833333336,75,17.11
44630.40972222222,80,16.72
44630.42361111111,81,16.61
44630.4375,82,16.28
44630.45138888889,82,16.11
44630.46527777778,83,15.89
44630.479166666664,83,15.72
44630.493055555555,83,15.5
44630.506944444445,83,15.39
44630.520833333336,83,15.5
44630.53472222222,82,15.61
44630.54861111111,82,15.5
44630.5625,82,15.39
44630.57638888889,82,15.28
44630.59027777778,83,15.22
44630.604166666664,83,15.11
44630.618055555555,83,15.11
44630.631944444445,84,15
44630.645833333336,84,15
44630.65972222222,84,15
44630.67361111111,84,15
44630.6875,89,14.39
44630.70138888889,92,14.11
44630.71527777778,91.71942857142858,14.34431351955771
44630.729166666664,98,13.72
44630.743055555555,99,13.61
44630.756944444445,99,13.5
44630.770833333336,99,13.39
44630.78472222222,99,13.39
44630.79861111111,99,13.28
44630.8125,99,13.28
44630.82638888889,99,13.22
44630.84027777778,99,13.22
44630.854166666664,99,13.22
44630.868055555555,99,13.28
44630.881944444445,99,13.28
44630.895833333336,99,13.39
44630.90972222222,99,13.39
44630.92361111111,99,13.5
44630.9375,99,13.61
44630.95138888889,99,13.72
44630.96527777778,99,13.78
44630.979166666664,99,14
44630.993055555555,97,14.39
44631.006944444445,95,14.39
44631.020833333336,94.3352380952381,14.646561011904764
44631.03472222222,93,14.78
44631.04861111111,92,15.11
44631.0625,92.92,14.587562272727258
44631.07638888889,92.86,14.587562272727258
44631.09027777778,83.204,15.627843720045387
44631.104166666664,82.75547619047619,15.640643720045386
44631.118055555555,82,16.22
44631.131944444445,81,16.39
44631.145833333336,82.59547619047618,15.661343720045384
44631.15972222222,77,17
44631.17361111111,82.49547619047618,15.880612761946844
44631.1875,82.49547619047618,15.889592761946847
44631.20138888889,82.49547619047618,15.892359428613513
44631.21527777778,75,17.39
44631.229166666664,82.7575,15.683623720045384
44631.243055555555,82.5475,15.682523720045383
44631.256944444445,82.5475,15.682523720045383
44631.270833333336,74,17.5
44631.28472222222,72,17.5
44631.29861111111,74,17.39
44631.3125,75,17.22
44631.32638888889,82.23613095238096,15.790484428613508
44631.34027777778,82.5175,15.555923720045378
44631.354166666664,82.5775,15.535923720045378
44631.368055555555,82.63483333333333,15.461523720045374
44631.381944444445,82.63483333333333,15.412543720045376
44631.395833333336,83,15.61
44631.40972222222,84,15.39
44631.42361111111,79,15
44631.4375,85,13.78
44631.45138888889,89,13.5
44631.46527777778,90.78203571428573,13.582075248326031
44631.479166666664,95.92657900432901,12.956280357142864
44631.493055555555,96,12.89
44631.506944444445,94.71345238095239,12.969404393939401
44631.520833333336,96.64216666666667,12.571345681456062
44631.53472222222,97,12.61
44631.54861111111,97,12.5
44631.5625,97,12.5
44631.57638888889,97,12.61
44631.59027777778,97,12.72
44631.604166666664,97,12.72
44631.618055555555,97,12.89
44631.631944444445,97,12.89
44631.645833333336,97,12.89
44631.65972222222,96,12.5
44631.67361111111,93,12
44631.6875,94,11.89
44631.70138888889,94,11.72
44631.71527777778,95,11.5
44631.729166666664,95,11.5
44631.743055555555,96,11.39
44631.756944444445,96,11.22
44631.770833333336,97,11.22
44631.78472222222,96,11
44631.79861111111,97,10.78
44631.8125,97,10.5
44631.82638888889,98,10.5
44631.84027777778,98,10.28
44631.854166666664,99,10.28
44631.868055555555,99,10.39
44631.881944444445,99,10.5
44631.895833333336,99,10.39
44631.90972222222,99,10.39
44631.92361111111,99,10.5
44631.9375,99,10.61
44631.95138888889,99,10.89
44631.96527777778,99,10.89
44631.979166666664,98.70155555555556,10.449887699507288
44631.993055555555,98.2102857142857,10.432142709235201
44632.006944444445,95.545,10.928657301587307
44632.020833333336,88.51611904761904,12.331620864635308
44632.03472222222,87.91611904761905,12.539989440123218
44632.04861111111,88,12.78
44632.0625,85,13.22
44632.07638888889,77,14
44632.09027777778,82.33783333333332,13.430314306740627
44632.104166666664,81.01283333333333,13.384521271217888
44632.118055555555,81.52483333333333,13.426414306740625
44632.131944444445,66,15.61
44632.145833333336,61,16.39
44632.15972222222,66,15.28
44632.17361111111,58,16.61
44632.1875,54,17.11
44632.20138888889,56,17.78
44632.21527777778,74.42966666666668,13.923574125998693
44632.229166666664,51,17.28
44632.243055555555,49,17.28
44632.256944444445,74,13.61
44632.270833333336,80,12.28
44632.28472222222,78,13.22
44632.29861111111,63,16.5
44632.3125,61,17.61
44632.32638888889,56,19.11
44632.34027777778,65,15.89
44632.354166666664,72,15
44632.368055555555,73,15.11
44632.381944444445,76.63958333333333,13.715486826599331
44632.395833333336,80,14.22
44632.40972222222,82,13.89
44632.42361111111,82,13.5
44632.4375,82,13.28
44632.45138888889,82,13.39
44632.46527777778,81,13.22
44632.479166666664,82,13
44632.493055555555,81,12.78
44632.506944444445,82,12.28
44632.520833333336,83,12.28
44632.53472222222,85,12
44632.54861111111,86,12.22
44632.5625,86,12.11
44632.57638888889,88,11.78
44632.59027777778,89,11.39
44632.604166666664,90,11
44632.618055555555,93,10.89
44632.631944444445,93,11.11
44632.645833333336,93,11.11
44632.65972222222,94,10.89
44632.67361111111,93.14166666666668,10.851842046842055
44632.6875,95,10.22
44632.70138888889,96,10.39
44632.71527777778,96,10.22
44632.729166666664,96,10
44632.743055555555,98,9.78
44632.756944444445,99,10
44632.770833333336,99,10
44632.78472222222,99,9.72
44632.79861111111,99,9.22
44632.8125,99,8.72
44632.82638888889,99,9
44632.84027777778,99,9.11
44632.854166666664,99,8.89
44632.868055555555,99,8.89
44632.881944444445,99,8.89
44632.895833333336,99,8.72
44632.90972222222,99,8.5
44632.92361111111,99,8.5
44632.9375,97.905,9.814236303369828
44632.95138888889,97.905,9.814236303369828
44632.96527777778,98.49,9.77881963670316
44632.979166666664,98.49,9.77881963670316
44632.993055555555,98.49,9.77881963670316
44633.006944444445,96.405,10.110659091970124
44633.020833333336,96.405,10.110659091970124
44633.03472222222,96.405,10.110659091970124
44633.04861111111,98.49,9.77881963670316
44633.0625,96.405,10.110659091970124
44633.07638888889,88.56444444444445,11.234311428180513
44633.09027777778,86.99016666666667,11.80907214873438
44633.104166666664,85.48444444444445,11.772680203933636
44633.118055555555,83.95333333333332,11.549020361549928
44633.131944444445,79.65128571428572,12.14349640284836
44633.145833333336,64.95783549783549,16.046263607388042
44633.15972222222,63.747835497835496,15.239307500000002
44633.17361111111,63.747835497835496,15.239307500000002
44633.1875,63.747835497835496,15.239307500000002
44633.20138888889,63.747835497835496,15.239307500000002
44633.21527777778,63.747835497835496,15.239307500000002
44633.229166666664,53,17.61
44633.243055555555,57,17
44633.256944444445,49,19.28
44633.270833333336,49,18.39
44633.28472222222,48,18.61
44633.29861111111,48,18.5
44633.3125,49,18.28
44633.32638888889,51,17.61
44633.34027777778,59,16.28
44633.354166666664,61,15.78
44633.368055555555,63,15.22
44633.381944444445,63,14.89
44633.395833333336,62,14.5
44633.40972222222,64,14.22
44633.42361111111,66,13.89
44633.4375,68,13.61
44633.45138888889,69,13.39
44633.46527777778,70,13.28
44633.479166666664,72,13
44633.493055555555,73,12.78
44633.506944444445,75,12.61
44633.520833333336,77,12.39
44633.53472222222,76,12.5
44633.54861111111,76,12.28
44633.5625,78,12
44633.57638888889,76,12.22
44633.59027777778,79,11.89
44633.604166666664,81,11.39
44633.618055555555,82,11.22
44633.631944444445,83.315,11.379118505291014
44633.645833333336,84,10.89
44633.65972222222,85,10.78
44633.67361111111,85,10.78
44633.6875,86,10.72
44633.70138888889,87,10.61
44633.71527777778,88,10.5
44633.729166666664,88,10.5
44633.743055555555,90,10.28
44633.756944444445,90,10.22
44633.770833333336,91,10.11
44633.78472222222,91,10.11
44633.79861111111,91,10.22
44633.8125,91,9.78
44633.82638888889,92,9.72
44633.84027777778,92,9.78
44633.854166666664,90,10
44633.868055555555,89,10
44633.881944444445,89,10.22
44633.895833333336,89,10.5
44633.90972222222,88,10.61
44633.92361111111,88,10.78
44633.9375,86,11.11
44633.95138888889,85,11.39
44633.96527777778,84,11.61
44633.979166666664,83,11.72
44633.993055555555,83,11.72
44634.006944444445,83.33016666666667,11.724351838624353
44634.020833333336,83.33016666666667,11.724351838624353
44634.03472222222,83.33016666666667,11.724351838624353
44634.04861111111,83.33016666666667,11.724351838624353
44634.0625,83.33016666666667,11.724351838624353
44634.07638888889,83.33016666666667,11.724351838624353
44634.09027777778,83.33016666666667,11.724351838624353
44634.104166666664,83.33016666666667,11.724351838624353
44634.118055555555,83.44016666666667,11.752685171957687
44634.131944444445,87.255,11.185433114342848
44634.145833333336,89.085,11.101068094847179
44634.15972222222,88.955,11.101068094847179
44634.17361111111,88.925,11.101068094847179
44634.1875,89.435,11.101068094847179
44634.20138888889,89.435,11.101068094847179
44634.21527777778,89.435,11.101068094847179
44634.229166666664,89.94933333333333,10.868130934262226
44634.243055555555,92.39,10.834635108875325
44634.256944444445,90.03945887445889,10.859264267595558
44634.270833333336,93.47,11.227941956654464
44634.28472222222,94,13.5
44634.29861111111,93.47,11.227941956654464
44634.3125,93.79,12.123089285714284
44634.32638888889,99,13.11
44634.34027777778,99,13.11
44634.354166666664,99,13.22
44634.368055555555,99,13.28
44634.381944444445,93.38777777777777,11.15381862332113
44634.395833333336,99,13.5
44634.40972222222,99,13.39
44634.42361111111,99,13.11
44634.4375,97,12.78
44634.45138888889,97,12.61
44634.46527777778,92.435,10.69310844220866
44634.479166666664,97,12.11
44634.493055555555,97,12.11
44634.506944444445,97,12
44634.520833333336,98,11.28
44634.53472222222,91,10.22
44634.54861111111,90,10
44634.5625,91,9.72
44634.57638888889,93,9.72
44634.59027777778,91,10
44634.604166666664,90,10
44634.618055555555,90,10.11
44634.631944444445,86,10.11
44634.645833333336,82,9.78
44634.65972222222,80,9.5
44634.67361111111,78,9.28
44634.6875,76,9.22
44634.70138888889,77,8.89
44634.71527777778,79,8.5
44634.729166666664,78,8.5
44634.743055555555,75,8.72
44634.756944444445,77,8.39
44634.770833333336,79,8.39
44634.78472222222,79,8.39
44634.79861111111,72,8.72
44634.8125,74,8.61
44634.82638888889,76,8.11
44634.84027777778,75,8.39
44634.854166666664,73,8.39
44634.868055555555,75,8.11
44634.881944444445,74,8.11
44634.895833333336,76,8
44634.90972222222,78,7.61
44634.92361111111,65.26833333333335,13.167117803294468
44634.9375,65.26833333333335,13.167117803294468
44634.95138888889,64.42833333333334,11.751329166666672
44634.96527777778,63.29833333333334,11.927614458041953
44634.979166666664,62.57833333333334,11.935414458041953
44634.993055555555,61.949592268842274,12.877762370370364
44635.006944444445,56.300535714285715,11.77630935185184
44635.020833333336,43.59870448179272,14.074945128205117
44635.03472222222,42.84870448179272,13.778852023809511
44635.04861111111,49.11600000000001,15.046204722222212
44635.0625,49.11600000000001,15.046204722222212
44635.07638888889,43.03333333333333,13.815552023809511
44635.09027777778,43.03333333333333,13.815552023809511
44635.104166666664,46,13
44635.118055555555,43.03333333333333,13.815552023809511
44635.131944444445,43,13.61
44635.145833333336,42.85416666666667,13.904960357142842
44635.15972222222,42.885,13.96462702380951
44635.17361111111,42,14.11
44635.1875,42,14.28
44635.20138888889,41,14.5
44635.21527777778,42,14.61
44635.229166666664,41,14.78
44635.243055555555,43,13.61
44635.256944444445,41,14.28
44635.270833333336,36,15.5
44635.28472222222,35,15.11
44635.29861111111,37,15.11
44635.3125,39,14.11
44635.32638888889,39,14
44635.34027777778,43,13.11
44635.354166666664,44,12.78
44635.368055555555,48.325,15.421608095238089
44635.381944444445,51.39,13.564523968253964
44635.395833333336,50,11.89
44635.40972222222,52,11.61
44635.42361111111,54,11.28
44635.4375,55,11.11
44635.45138888889,58,10.89
44635.46527777778,56,10.78
44635.479166666664,54,11
44635.493055555555,57,10.89
44635.506944444445,58,10.72
44635.520833333336,58,10.72
44635.53472222222,59,10.5
44635.54861111111,59,10.39
44635.5625,60,10.28
44635.57638888889,59,10.5
44635.59027777778,58,10.28
44635.604166666664,60,10
44635.618055555555,61,9.89
44635.631944444445,60,10
44635.645833333336,61,10
44635.65972222222,63,9.78
44635.67361111111,64,9.72
44635.6875,66,9.39
44635.70138888889,66,9.72
44635.71527777778,66,9.72
44635.729166666664,67,9.39
44635.743055555555,69,9.28
44635.756944444445,70,8.72
44635.770833333336,69,9.22
44635.78472222222,67,9.89
44635.79861111111,67,9.22
44635.8125,70,8
44635.82638888889,72,8.39
44635.84027777778,73,8.39
44635.854166666664,74,8.11
44635.868055555555,74,7.89
44635.881944444445,77,7.72
44635.895833333336,78,7.78
44635.90972222222,77,7.61
44635.92361111111,77,7.78
44635.9375,60.19466666666667,11.263345909645912
44635.95138888889,60.04466666666667,11.263345909645912
44635.96527777778,59.79666666666667,11.209745909645912
44635.979166666664,60.00313247863249,11.353012576312578
44635.993055555555,50.615,14.447257301587303
44636.006944444445,50.615,14.447257301587303
44636.020833333336,59,11.89
44636.03472222222,47,15
44636.04861111111,51,14
44636.0625,54,13.72
44636.07638888889,52,14.39
44636.09027777778,51,14.61
44636.104166666664,51.975,14.26089139025724
44636.118055555555,52,14.11
44636.131944444445,50,15.11
44636.145833333336,49,16.28
44636.15972222222,42,16.78
44636.17361111111,40,16.89
44636.1875,39,18.11
44636.20138888889,45.85533333333333,17.006199861111096
44636.21527777778,40,17.5
44636.229166666664,50.508,15.489730634920617
44636.243055555555,52.9595,15.432897592592578
44636.256944444445,50.485,15.285543492063475
44636.270833333336,51.36,15.514963968253955
44636.28472222222,51.345904761904755,15.498863968253957
44636.29861111111,54.3895,14.039395734126984
44636.3125,44,17.78
44636.32638888889,46,16.78
44636.34027777778,48.42533333333333,17.067024761904744
44636.354166666664,48.42533333333333,17.067024761904744
44636.368055555555,53.043214285714285,14.924380925925918
44636.381944444445,51.629,14.885824723590572
44636.395833333336,64,13.72
44636.40972222222,66,13.5
44636.42361111111,69,13.22
44636.4375,70,13.11
44636.45138888889,71,13
44636.46527777778,72,12.89
44636.479166666664,74,12.72
44636.493055555555,75,12.61
44636.506944444445,77.04163247863248,11.774723762626266
44636.520833333336,77,12.39
44636.53472222222,78,12.11
44636.54861111111,79,12
44636.5625,79,12
44636.57638888889,80,11.89
44636.59027777778,81,11.78
44636.604166666664,81,11.78
44636.618055555555,83,11.61
44636.631944444445,83,11.39
44636.645833333336,84,11.28
44636.65972222222,85,11.11
44636.67361111111,88,10.89
44636.6875,89,10.78
44636.70138888889,90,10.72
44636.71527777778,91,10.5
44636.729166666664,92,10.5
44636.743055555555,92,10.28
44636.756944444445,92,10.11
44636.770833333336,94,10.11
44636.78472222222,94,10
44636.79861111111,96,9.89
44636.8125,97,9.72
44636.82638888889,98,9.61
44636.84027777778,98,9.5
44636.854166666664,99,9.61
44636.868055555555,99,9.61
44636.881944444445,99,9.72
44636.895833333336,99,9.89
44636.90972222222,97,10
44636.92361111111,97,10
44636.9375,87.41878968253968,12.316954996172033
44636.95138888889,86.10166666666667,13.049985963732986
44636.96527777778,86.47400000000002,13.258323463732983
44636.979166666664,86.47400000000002,13.321123463732983
44636.993055555555,86.55177777777779,13.214717885592549
44637.006944444445,85.70966666666668,13.626333463732983
44637.020833333336,89.6185,11.928253190755733
44637.03472222222,89.6185,11.923081762184307
44637.04861111111,89.4285,12.252501345207936
44637.0625,89.4285,12.252501345207936
44637.07638888889,92,12.61
44637.09027777778,92,12.72
44637.104166666664,91.35333333333332,11.55506559551269
44637.118055555555,92,12.78
44637.131944444445,92,13
44637.145833333336,88.63983333333334,12.293068011874603
44637.15972222222,90,13.39
44637.17361111111,90.45333333333332,12.05474842885097
44637.1875,88,13.72
44637.20138888889,87,13.61
44637.21527777778,86.93983333333334,13.628163979967299
44637.229166666664,86,14
44637.243055555555,85,14.11
44637.256944444445,85,14.11
44637.270833333336,82,14.72
44637.28472222222,87.18088095238096,13.673356837110157
44637.29861111111,87.14088095238095,13.673356837110157
44637.3125,87.06088095238096,13.687131708905032
44637.32638888889,87.05088095238096,13.68205170890503
44637.34027777778,86.72608333333334,13.654268981632304
44637.354166666664,86.76608333333334,13.650968981632301
44637.368055555555,86.76608333333334,13.650968981632301
44637.381944444445,86,13.89
44637.395833333336,86,13.89
44637.40972222222,87,13.78
44637.42361111111,87,13.78
44637.4375,87,13.78
44637.45138888889,87,13.78
44637.46527777778,87,13.72
44637.479166666664,87,13.72
44637.493055555555,87,13.72
44637.506944444445,86,13.78
44637.520833333336,86,13.89
44637.53472222222,86,13.89
44637.54861111111,87,13.72
44637.5625,86.63733333333333,13.589571730550054
44637.57638888889,87,13.61
44637.59027777778,86,13.5
44637.604166666664,87,13.39
44637.618055555555,87,13.39
44637.631944444445,87,13.28
44637.645833333336,87,13.28
44637.65972222222,88,13.22
44637.67361111111,88,13.22
44637.6875,88,13
44637.70138888889,89,12.89
44637.71527777778,90,12.78
44637.729166666664,90,12.78
44637.743055555555,89,12.72
44637.756944444445,89,12.72
44637.770833333336,89,12.72
44637.78472222222,89,12.61
44637.79861111111,88,12.61
44637.8125,88,12.61
44637.82638888889,88,12.61
44637.84027777778,87,12.61
44637.854166666664,86,12.72
44637.868055555555,86,12.72
44637.881944444445,86,12.78
44637.895833333336,87,12.78
44637.90972222222,87,12.78
44637.92361111111,87,12.78
44637.9375,86.95616666666666,12.855777113354804
44637.95138888889,86.95616666666666,12.855777113354804
44637.96527777778,86.95616666666666,12.855777113354804
44637.979166666664,86.95616666666666,12.855777113354804
44637.993055555555,86.95616666666666,12.855777113354804
44638.006944444445,86.95616666666666,12.855777113354804
44638.020833333336,86.78616666666667,12.855777113354804
44638.03472222222,85.79966666666667,12.920516729911244
44638.04861111111,83.23546536796538,12.732146283068776
44638.0625,83.35133333333333,12.732146283068776
44638.07638888889,83.35133333333333,12.732146283068776
44638.09027777778,83.23546536796538,12.732146283068776
44638.104166666664,83.49133333333333,12.758546283068776
44638.118055555555,83.49133333333333,12.774446283068777
44638.131944444445,83.35133333333333,12.774446283068777
44638.145833333336,66,15.78
44638.15972222222,63,15.78
44638.17361111111,62,16.22
44638.1875,63,16.39
44638.20138888889,67.51,15.746160648148143
44638.21527777778,55,18.22
44638.229166666664,51,19.11
44638.243055555555,48,20.28
44638.256944444445,50,19.61
44638.270833333336,46,20.72
44638.28472222222,47,20.22
44638.29861111111,47,20.28
44638.3125,48,20.22
44638.32638888889,52,18.78
44638.34027777778,60,16.28
44638.354166666664,63,15.78
44638.368055555555,64,15.5
44638.381944444445,65,15.22
44638.395833333336,66,15
44638.40972222222,69,14.78
44638.42361111111,69,14.28
44638.4375,71,14.11
44638.45138888889,72,14.11
44638.46527777778,80.23250000000002,13.118902143589098
44638.479166666664,82.0313225108225,12.719190201000693
44638.493055555555,83.72333333333331,12.209295361549922
44638.506944444445,80,12.5
44638.520833333336,82,12.22
44638.53472222222,84,11.78
44638.54861111111,85,11.28
44638.5625,87,10.78
44638.57638888889,88,10.61
44638.59027777778,89,10.39
44638.604166666664,89,10.28
44638.618055555555,90,10.28
44638.631944444445,89,10.22
44638.645833333336,90,10.39
44638.65972222222,88,10.39
44638.67361111111,88,10.11
44638.6875,89,9.61
44638.70138888889,90,9.11
44638.71527777778,91,9
44638.729166666664,93,9.61
44638.743055555555,92,9.39
44638.756944444445,92,8.72
44638.770833333336,92,8.39
44638.78472222222,92,8.22
44638.79861111111,93,8.28
44638.8125,93,8.39
44638.82638888889,94,8.89
44638.84027777778,92,9.11
44638.854166666664,92,9.22
44638.868055555555,91,9.11
44638.881944444445,91,9.22
44638.895833333336,91,8.28
44638.90972222222,90,8.28
44638.92361111111,90,7.72
44638.9375,78.51816666666667,12.902588021978026
44638.95138888889,91,8.28
44638.96527777778,82,10.78
44638.979166666664,72,11.72
44638.993055555555,69,12.11
44639.006944444445,81.52833333333334,11.960079089889575
44639.020833333336,80.78465584415584,12.951398850582963
44639.03472222222,80.88965584415584,12.976398850582964
44639.04861111111,78.9012619047619,13.332628021978028
44639.0625,77.92013247863248,13.538804722222231
44639.07638888889,77.65763247863248,13.538804722222231
44639.09027777778,77.677632478632475,13.538804722222231
44639.104166666664,77.7109658119658,13.538804722222231
44639.118055555555,77.74096581196581,13.538804722222231
44639.131944444445,76.17316666666666,13.392258756613755
44639.145833333336,79.52533333333334,13.126657699144655
44639.15972222222,80.7825,13.20799885058296
44639.17361111111,80.7825,13.20799885058296
44639.1875,80.665,13.20799885058296
44639.20138888889,79.5871626984127,13.126657699144655
44639.21527777778,80.8196626984127,13.24299885058296
44639.229166666664,78.10811832611833,13.83320472222223
44639.243055555555,76.77233333333334,14.227681230158737
44639.256944444445,75.74902380952382,14.983517089947084
44639.270833333336,72.38566666666667,14.192052420162511
44639.28472222222,72.38566666666667,14.192052420162511
44639.29861111111,37,24.78
44639.3125,38,23.72
44639.32638888889,39,23
44639.34027777778,48,20.28
44639.354166666664,51,19.83
44639.368055555555,52,19.11
44639.381944444445,55,18.22
44639.395833333336,60,17.5
44639.40972222222,61,17.5
44639.42361111111,64,17.22
44639.4375,66,16.78
44639.45138888889,66,16.72
44639.46527777778,68,16.61
44639.479166666664,71,16
44639.493055555555,75,15.61
44639.506944444445,78,15.22
44639.520833333336,79,14.72
44639.53472222222,81,14.28
44639.54861111111,82,13.61
44639.5625,83,13.28
44639.57638888889,84,12.89
44639.59027777778,85,12.78
44639.604166666664,85,12.5
44639.618055555555,85,12.39
44639.631944444445,85,12
44639.645833333336,87,11.89
44639.65972222222,87,11.89
44639.67361111111,88,11.89
44639.6875,88,11.78
44639.70138888889,88,11.28
44639.71527777778,90,11.28
44639.729166666664,89,11.11
44639.743055555555,89,11.28
44639.756944444445,89,10.89
44639.770833333336,89,10.61
44639.78472222222,89,10.5
44639.79861111111,89,10.22
44639.8125,90,9.89
44639.82638888889,90,10
44639.84027777778,91,10
44639.854166666664,91,10
44639.868055555555,92,9.78
44639.881944444445,92,9.72
44639.895833333336,92,9.5
44639.90972222222,91,9.28
44639.92361111111,91,9.28
44639.9375,77.92478499278499,14.398829722222231
44639.95138888889,90,10
44639.96527777778,83,12.61
44639.979166666664,72,13.22
44639.993055555555,73,13.78
44640.006944444445,63,15
44640.020833333336,77.24433333333333,14.665665396825398
44640.03472222222,56,16.5
44640.04861111111,56,17.39
44640.0625,48,19.28
44640.07638888889,52,18.89
44640.09027777778,46,21.28
44640.104166666664,44,21.28
44640.118055555555,45,21.22
44640.131944444445,47,21.22
44640.145833333336,45,22
44640.15972222222,49,21.39
44640.17361111111,45,22.61
44640.1875,45,22.89
44640.20138888889,41,24.78
44640.21527777778,38,25.61
44640.229166666664,40,24.89
44640.243055555555,38,25.72
44640.256944444445,38,25.78
44640.270833333336,38,25.22
44640.28472222222,39,25.22
44640.29861111111,36,25.22
44640.3125,41,24.11
44640.32638888889,42,23.72
44640.34027777778,47,21.72
44640.354166666664,75.81,15.734142089947088
44640.368055555555,52,20.72
44640.381944444445,54,20.11
44640.395833333336,58,19.28
44640.40972222222,62,18.89
44640.42361111111,63,18.5
44640.4375,64,18.11
44640.45138888889,66,17.5
44640.46527777778,67,17.5
44640.479166666664,68,17.28
44640.493055555555,69,17
44640.506944444445,72,16.39
44640.520833333336,78,15.89
44640.53472222222,80,15.39
44640.54861111111,81,15.22
44640.5625,81,15
44640.57638888889,83,14.78
44640.59027777778,83,14.11
44640.604166666664,84,14.11
44640.618055555555,85,13.89
44640.631944444445,86,13.89
44640.645833333336,86,13.61
44640.65972222222,86,13.39
44640.67361111111,88,12.89
44640.6875,87,12.61
44640.70138888889,88,12.39
44640.71527777778,88,12.28
44640.729166666664,88,12.28
44640.743055555555,88,12.11
44640.756944444445,89,11.78
44640.770833333336,90,11.39
44640.78472222222,90,11.28
44640.79861111111,91,11
44640.8125,91,11.11
44640.82638888889,92,10.89
44640.84027777778,92,11
44640.854166666664,91,10.61
44640.868055555555,86.37769047619048,13.40201496722948
44640.881944444445,91,10.72
44640.895833333336,91,10.61
44640.90972222222,91,10.39
44640.92361111111,91,10.39
44640.9375,86.36769047619048,13.399814967229482
44640.95138888889,86.36769047619048,13.399814967229482
44640.96527777778,86.36769047619048,13.399814967229482
44640.979166666664,86.36769047619048,13.399814967229482
44640.993055555555,85.31099603174603,13.576474702768136
44641.006944444445,83.26336507936507,14.106229454064442
44641.020833333336,83.53203934953933,14.056178554827232
44641.03472222222,83.53203934953933,14.056178554827232
44641.04861111111,83.53203934953933,14.12007855482723
44641.0625,58,18.5
44641.07638888889,55,19
44641.09027777778,60,18.39
44641.104166666664,81.36285714285715,15.159358652170274
44641.118055555555,81.35285714285715,15.172158652170275
44641.131944444445,81.27285714285715,15.254958652170272
44641.145833333336,53,20.78
44641.15972222222,52,21.39
44641.17361111111,47,23.11
44641.1875,45,23.11
44641.20138888889,45,23.22
44641.21527777778,43,24
44641.229166666664,42,24.5
44641.243055555555,44,23.61
44641.256944444445,42,24.78
44641.270833333336,40,25.61
44641.28472222222,34,25.39
44641.29861111111,30,25.61
44641.3125,33,24.39
44641.32638888889,42,23.11
44641.34027777778,52,20.89
44641.354166666664,54,20.5
44641.368055555555,55,20.11
44641.381944444445,59,19.72
44641.395833333336,60,19.11
44641.40972222222,62,18.78
44641.42361111111,63,18.39
44641.4375,65,18.22
44641.45138888889,67,17.89
44641.46527777778,69,17.39
44641.479166666664,71,16.89
44641.493055555555,72,16.78
44641.506944444445,73,16.39
44641.520833333336,76,16.22
44641.53472222222,79,15.78
44641.54861111111,80,15.39
44641.5625,82,15.11
44641.57638888889,84,14.89
44641.59027777778,84,14.5
44641.604166666664,85,14.11
44641.618055555555,86,14.11
44641.631944444445,86,13.5
44641.645833333336,87,13.61
44641.65972222222,88,13.28
44641.67361111111,87,13
44641.6875,88,12.61
44641.70138888889,88,12.28
44641.71527777778,89,12.11
44641.729166666664,90,12.11
44641.743055555555,91,12
44641.756944444445,92,11.72
44641.770833333336,93,11.72
44641.78472222222,91,11.89
44641.79861111111,90,11.61
44641.8125,91,11.61
44641.82638888889,90,11.39
44641.84027777778,90,11.28
44641.854166666664,90,11.11
44641.868055555555,91,11.28
44641.881944444445,91,11
44641.895833333336,92,11.11
44641.90972222222,91,11.11
44641.92361111111,90,11.11
44641.9375,82.06,14.78510879227052
44641.95138888889,82.0962380952381,14.78510879227052
44641.96527777778,81.54623809523811,14.83522879227052
44641.979166666664,76,14.11
44641.993055555555,77,14.5
44642.006944444445,81.71623809523811,14.858628792270522
44642.020833333336,82.25878571428571,14.808508792270523
44642.03472222222,82.18678571428572,14.828508792270522
44642.04861111111,54,19.28
44642.0625,52,21.22
44642.07638888889,53,21
44642.09027777778,55,21
44642.104166666664,59,20.39
44642.118055555555,62,19.72
44642.131944444445,62,19.78
44642.145833333336,64,19
44642.15972222222,63,19.61
44642.17361111111,62,20.11
44642.1875,49,23.89
44642.20138888889,49,23.22
44642.21527777778,46,24.11
44642.229166666664,42,26
44642.243055555555,48,23.39
44642.256944444445,46,24.28
44642.270833333336,44,24.28
44642.28472222222,52,21.89
44642.29861111111,52,21.22
44642.3125,53,21
44642.32638888889,56,20.5
44642.34027777778,58,20.22
44642.354166666664,60,20
44642.368055555555,63,19.61
44642.381944444445,65,19.28
44642.395833333336,65,19
44642.40972222222,68,18.61
44642.42361111111,70,18.28
44642.4375,71,18.11
44642.45138888889,72,17.78
44642.46527777778,73,17.61
44642.479166666664,74,17.5
44642.493055555555,75,17.5
44642.506944444445,77,17.39
44642.520833333336,78,17.28
44642.53472222222,78,17.11
44642.54861111111,80,16.89
44642.5625,80,16.78
44642.57638888889,81,16.72
44642.59027777778,82,16.39
44642.604166666664,82,16.11
44642.618055555555,84,16
44642.631944444445,87,15.72
44642.645833333336,87,15.72
44642.65972222222,87,15.28
44642.67361111111,88,15.5
44642.6875,88,15.61
44642.70138888889,87,15.28
44642.71527777778,89,14.89
44642.729166666664,91,14.89
44642.743055555555,91,14.78
44642.756944444445,91,14.78
44642.770833333336,91,14.28
44642.78472222222,91,14.28
44642.79861111111,92,14.11
44642.8125,92,14.11
44642.82638888889,92,14.11
44642.84027777778,92,14.39
44642.854166666664,92,14.78
44642.868055555555,89,15
44642.881944444445,89,14.39
44642.895833333336,91,14.28
44642.90972222222,91,14.5
44642.92361111111,91,14.5
44642.9375,90,14.72
44642.95138888889,90,14.89
44642.96527777778,89,15.28
44642.979166666664,83,15.78
44642.993055555555,79,16.28
44643.006944444445,77,16.5
44643.020833333336,84,15.89
44643.03472222222,86,16.11
44643.04861111111,81,16.5
44643.0625,82,16.39
44643.07638888889,84,16.5
44643.09027777778,82,16.39
44643.104166666664,87,15.78
44643.118055555555,88,16
44643.131944444445,87,16
44643.145833333336,88,16.22
44643.15972222222,85,16.28
44643.17361111111,86,16.11
44643.1875,86,16
44643.20138888889,88,15.72
44643.21527777778,91,15.39
44643.229166666664,91,15.5
44643.243055555555,90,15.78
44643.256944444445,89,15.89
44643.270833333336,88,15.89
44643.28472222222,89,15.61
44643.29861111111,89,14.72
44643.3125,88.26583333333333,14.87439715030936
44643.32638888889,86,13.61
44643.34027777778,85.88849603174603,13.920994613694125
44643.354166666664,81.99316666666665,13.159898792270528
44643.368055555555,80,12.89
44643.381944444445,80,12.61
44643.395833333336,82,12.28
44643.40972222222,81,12.28
44643.42361111111,78,12.39
44643.4375,78,12.39
44643.45138888889,76,12.39
44643.46527777778,75,12.39
44643.479166666664,74,12.39
44643.493055555555,73,12.39
44643.506944444445,72,12.39
44643.520833333336,72,12.28
44643.53472222222,72,12.28
44643.54861111111,71,12.22
44643.5625,72,12
44643.57638888889,73,12
44643.59027777778,74,11.78
44643.604166666664,73,11.78
44643.618055555555,73,11.72
44643.631944444445,71,11.61
44643.645833333336,70,11.28
44643.65972222222,70,11.11
44643.67361111111,71,11
44643.6875,72,10.89
44643.70138888889,72,10.78
44643.71527777778,72,10.61
44643.729166666664,73,10.5
44643.743055555555,73,10.39
44643.756944444445,74,10.28
